{
    "foreground_intensity_properties_per_channel": {
        "0": {
            "max": 3070.0,
            "mean": 116.57917785644531,
            "median": 104.0,
            "min": -1024.0,
            "percentile_00_5": -286.0,
            "percentile_99_5": 597.0,
            "std": 142.36737060546875
        }
    },
    "median_relative_size_after_cropping": 1.0,
    "shapes_after_crop": [
        [
            256,
            512,
            512
        ],
        [
            224,
            512,
            512
        ],
        [
            64,
            512,
            512
        ],
        [
            256,
            512,
            512
        ],
        [
            128,
            512,
            512
        ],
        [
            224,
            512,
            512
        ],
        [
            256,
            512,
            512
        ],
        [
            192,
            512,
            512
        ],
        [
            128,
            512,
            512
        ],
        [
            225,
            512,
            512
        ],
        [
            128,
            512,
            512
        ],
        [
            200,
            512,
            512
        ],
        [
            192,
            512,
            512
        ],
        [
            457,
            512,
            512
        ],
        [
            256,
            512,
            512
        ],
        [
            160,
            512,
            512
        ],
        [
            128,
            512,
            512
        ],
        [
            256,
            512,
            512
        ],
        [
            256,
            512,
            512
        ],
        [
            256,
            512,
            512
        ],
        [
            224,
            512,
            512
        ],
        [
            188,
            512,
            512
        ],
        [
            224,
            512,
            512
        ],
        [
            224,
            512,
            512
        ],
        [
            160,
            512,
            512
        ],
        [
            256,
            512,
            512
        ],
        [
            223,
            512,
            512
        ],
        [
            248,
            512,
            512
        ],
        [
            256,
            512,
            512
        ],
        [
            128,
            512,
            512
        ],
        [
            192,
            512,
            512
        ],
        [
            190,
            512,
            512
        ],
        [
            191,
            512,
            512
        ],
        [
            192,
            512,
            512
        ],
        [
            192,
            512,
            512
        ],
        [
            192,
            512,
            512
        ],
        [
            192,
            512,
            512
        ],
        [
            192,
            512,
            512
        ],
        [
            192,
            512,
            512
        ],
        [
            192,
            512,
            512
        ],
        [
            192,
            512,
            512
        ],
        [
            192,
            512,
            512
        ],
        [
            192,
            512,
            512
        ],
        [
            192,
            512,
            512
        ],
        [
            192,
            512,
            512
        ],
        [
            192,
            512,
            512
        ],
        [
            192,
            512,
            512
        ],
        [
            192,
            512,
            512
        ],
        [
            192,
            512,
            512
        ],
        [
            192,
            512,
            512
        ],
        [
            192,
            512,
            512
        ],
        [
            192,
            512,
            512
        ]
    ],